{
    "2*x^2*y^3:x:y":
    {
        "2":
        {
            "h": ["0.05","0.0125"],
            "errors":
            {
                "u":
                {
                    "order": 2,
                    "values": ["0.000605775","0.000392493"]
                },
                "p":
                {
                    "order": 2,
                    "values": ["0.00301341","0.000190556"]
                }
            }
        }
    }
}
