{
	"{x^2+y^2,1,z}:x:y:z":{
        "1": {
            "h": ["0.8","0.4","0.2","0.1"],
            "errors": {
                "L2": {
                    "order": 3,
                    "values": ["0.00662432","0.0020268","0.000510493","0.000103369"]
                },
                "H1": {
                    "order": 2,
                    "values": ["0.58224","0.363115","0.20445","0.103958"]
                }
                
            }
        },
        "2": {
            "exact": true
        }
    }
}
