{
    "x^2+y^2:x:y":{
        "2": {
            "exact": true
        }
    },
    "sin(pi*x)*cos(pi*y):x:y":{
        "2": {
            "h": ["0.2","0.1","0.05"],
            "errors": {
                "L2": {
                    "order": 3,
                    "values": ["0.00245063","0.000340925","4.20359e-05"]
                },
                "H1": {
                    "order": 2,
                    "values": ["0.043385","0.0114881","0.00284834" ]
                }
                
            }
            
        }
    }
}
