 X,CavityTop,CavityBottom,CavitySide
CavityTop,5.44009e-15,0.0548874,0.945113
CavityBottom,0.0412309,5.10703e-15,0.944355
CavitySide,0.0886256,0.117885,0.764229
